old_ncs_line_code,new_ncs_line_code
B001Aa,B001Aa
B001Bb,B001Bb
B001Cb,B001Cb
B001Db,B001Db
B001Ea,B001Ea
B001Fa,B001Fa
B001Ga,B001Ga
B001Hb,B001Hb
B001Ia,B001Ia
B001Ja,B001Ja
B001Ka,B001Ka
B001Lb,B001Lb
B001Mb,B001Mb
B002Aa,B002Aa
B002Bb,B002Bb
B002Cb,B002Cb
B003Ab,B003Ab
B003Bb,B003Bb
B003Ca,B003Ca
B003Da,B003Da
B004Aa,B004Aa
B004Bb,B004Bb
B004Ca,B004Ca
B004Db,B004Db
B004Ea,B004Ea
B004Fa,B004Fa
B004Ga,B004Ga
B005Aa,B005Aa
B005Ba,B005Ba
B005Cb,B005Cb
B005Db,B005Db
B006Ab,B006Ab
B006Ba,B006Ba
B007Ab,B007Ab
B007Ba,B007Ba
B007Cb,B007Cb
B007Da,B007Da
B007Ea,B007Ea
B007Fa,B007Fa
B007Ga,B007Ga
B007Hb,B007Hb
B007Ib,B007Ib
B007Ja,B007Ja
B008Ab,B008Ab
B008Ba,B008Ba
B009Ab,B009Ab
B009Ba,B009Ba
B010Aa,B010Aa
B010Bb,B010Bb
B011Aa,B011Aa
B011Bb,B011Bb
B011Ca,B011Ca
B011Da,B011Da
B011Eb,B011Eb
B011Fb,B011Fb
B012Ab,B012Ab
B012Ba,B012Ba
B013Ab,B013Ab
B013Ba,B013Ba
B014Ab,B014Ab
B014Bb,B014Bb
B014Ca,B014Ca
B014Da,B014Da
B014Ea,B014Ea
B015Aa,B015Aa
B015Ba,B015Ba
B015Cb,B015Cb
B015Db,B015Db
B015Eb,B015Eb
B015Fa,B015Fa
B015Ga,B015Ga
B015Ha,B015Ha
B015Ib,B015Ib
B016Aa,B016Aa
B016Bb,B016Bb
B017Ab,B017Ab
B017Ba,B017Ba
B018Aa,B018Aa
B018Ba,B018Ba
B018Cb,B018Cb
B018Da,B018Da
B018Ea,B018Ea
B018Fb,B018Fb
B018Gb,B018Gb
B018Ha,B018Ha
B018Ib,B018Ib
B018Jb,B018Jb
B018Ka,B018Ka
B018Lb,B018Lb
B018Ma,B018Ma
B019Aa,B019Aa
B019Bb,B019Bb
B020Aa,B020Aa
B020Bb,B020Bb
B020Ca,B020Ca
B020Db,B020Db
B021Ab,B021Ab
B021Ba,B021Ba
B023Ab,B023Ab
B023Ba,B023Ba
B024Aa,B024Aa
B024Bb,B024Bb
B025Ab,B025Ab
B025Ba,B025Ba
B026Ab,B026Ab
B026Ba,B026Ba
B029Ab,B029Ab
B029Bb,B029Bb
B029Ca,B029Ca
B029Db,B029Db
B029Eb,B029Eb
B029Fa,B029Fa
B029Gb,B029Gb
B030Ab,B030Ab
B030Ba,B030Ba
B030Ca,B030Ca
B030Db,B030Db
B030Eb,B030Eb
B030Fa,B030Fa
B031Aa,B031Aa
B031Bb,B031Bb
B032Aa,B032Aa
B033Ab,B033Ab
B035Ab,B035Ab
B035Ba,B035Ba
B035Ca,B035Ca
B035Db,B035Db
B036Ab,B036Ab
B036Ba,B036Ba
B040Ab,B040Ab
B050Ab,B050Ab
B050Bb,B050Bb
B050Cb,B050Cb
B050Da,B050Da
B051Ab,B051Ab
B051Ba,B051Ba
B052Ab,B052Ab
B052Ba,B052Ba
B052Cb,B052Cb
B053Aa,B053Aa
B053Bb,B053Bb
B055Ab,B055Ab
B055Ba,B055Ba
B057Ab,B057Ab
B057Ba,B057Ba
B058Ab,B058Ab
B060Aa,B060Aa
B060Bb,B060Bb
B092Aa,B092Aa
B092Bb,B092Bb
B115Aa,B115Aa
B115Bb,B115Bb
B185Aa,B185Aa
B185Bb,B185Bb
B199Ab,B199Ab
B199Ba,B199Ba
B200Ab,B200Ab
B200Ba,B200Ba
B201Ab,B201Ab
B201Ba,B201Ba
B202Aa,B202Aa
B202Bb,B202Bb
B203Ab,B203Ab
B204Ab,B204Ab
B205Ab,B205Ab
B205Ba,B205Ba
B206Ab,B206Ab
B206Ba,B206Ba
B207Ab,B207Ab
B207Ba,B207Ba
B208Ab,B208Ab
B208Ba,B208Ba
B209Aa,B209Aa
B209Bb,B209Bb
B211Ab,B211Ab
B211Ba,B211Ba
B212Ab,B212Ab
B212Ba,B212Ba
B213Ab,B213Ab
B213Ba,B213Ba
B214Aa,B214Aa
B214Bb,B214Bb
B215Ab,B215Ab
B215Ba,B215Ba
B216Ab,B216Ab
B216Ba,B216Ba
B217Ab,B217Ab
B501Aa,B501Aa
B501Bb,B501Bb
B501Ca,B501Ca
B501Db,B501Db
B502Aa,B502Aa
B502Bb,B502Bb
B505Ab,B505Ab
B505Ba,B505Ba
B511Ab,B511Ab
B511Ba,B511Ba
B511Cb,B511Cb
B511Db,B511Db
B511Ea,B511Ea
B561Ab,B561Ab
B561Ba,D561Ba
D101Ab,D101Ab
D101Bb,D101Bb
D101Cb,D101Cb
D103Ab,D103Ab
D103Ba,D103Ba
D103Cb,D103Cb
D103Da,D103Da
D103Eb,D103Eb
D103Fa,D103Fa
D103Gb,D103Gb
D103Ha,D103Ha
D107Aa,D107Aa
D107Bb,D107Bb
D110Ab,D110Ab
D110Bb,D110Bb
D110Cb,D110Cb
D110Db,D110Db
D110Eb,D110Eb
D110Fa,D110Fa
D111Ab,D111Ab
D111Bb,D111Bb
D111Cb,D111Cb
D111Db,D111Db
D112Ab,D112Ab
D112Ba,D112Ba
D112Ca,D112Ca
D112Db,D112Db
D120Aa,D120Aa
D120Bb,D120Bb
D181Ab,D181Ab
D182Ab,D182Ab
D193Ab,D193Ab
D193Bb,D193Bb
D215Ab,D215Ab
D215Ba,D215Ba
D215Cb,D215Cb
D215Da,D215Da
D216Aa,D216Aa
D216Bb,D216Bb
D217Aa,D217Aa
D217Bb,D217Bb
D218Aa,D218Aa
D218Bb,D218Bb
D219Ab,D219Ab
D219Bb,D219Bb
D219Ca,D219Ca
D219Db,D219Db
D219Ea,D219Ea
D223Aa,D223Aa
D223Bb,D223Bb
D223Cb,D223Cb
D223Db,D223Db
D223Ea,D223Ea
D223Fa,D223Fa
D224Aa,D224Aa
D224Ba,D224Ba
D224Ca,D224Ca
D224Db,D224Db
D224Eb,D224Eb
D225Ab,D225Ab
D225Ba,D225Ba
D226Ab,D226Ab
D226Ba,D226Ba
D226Cb,D226Cb
D226Db,D226Db
D232Aa,D232Aa
D232Bb,D232Bb
D283Ab,D283Ab
D284Ab,D284Ab
D291Ab,D291Ab
D291Ba,D291Ba
D291Ca,D291Ca
D291Db,D291Db
D292Aa,D292Aa
D292Bb,D292Bb
D292Ca,D292Ca
D301Ab,D301Ab
D301Bb,D301Bb
D301Cb,D301Cb
D302Ab,D302Ab
D302Bb,D302Bb
D302Cb,D302Cb
D303Ab,D303Ab
D303Bb,D303Bb
D304Ab,D304Ab
D304Bb,D304Bb
D305Ab,D305Ab
D305Bb,D305Bb
D308Ab,D308Ab
D308Bb,D308Bb
D308Ca,D308Ca
D308Db,D308Db
D310Ab,D310Ab
D310Bb,D310Bb
D310Ca,D310Ca
D310Da,D310Da
D312Ab,D312Ab
D318Ab,D318Ab
D385Ab,D385Ab
D401Ab,D401Ab
D401Ba,D401Ba
D401Cb,D401Cb
D401Db,D401Db
D401Ea,D401Ea
D401Fb,D401Fb
D401Ga,D401Ga
D402Aa,D402Aa
D402Bb,D402Bb
D403Ab,D403Ab
D403Bb,D403Bb
D403Ca,D403Ca
D403Da,D403Da
D405Ab,D405Ab
D405Ba,D405Ba
D405Ca,D405Ca
D407Aa,D407Aa
D407Bb,D407Bb
D407Cb,D407Cb
D407Db,D407Db
D407Eb,D407Eb
D409Ab,D409Ab
D409Ba,D409Ba
D410Ab,D410Ab
D410Ba,D410Ba
D410Ca,D410Ca
D410Db,D410Db
D411Aa,D411Aa
D411Bb,D411Bb
D411Cb,D411Cb
D411Db,D411Db
D412Ab,D412Ab
D412Bb,D412Bb
D412Ca,D412Ca
D412Da,D412Da
D412Eb,D412Eb
D414Ab,D414Ab
D414Bb,D414Bb
D414Cb,D414Cb
D416Ab,D416Ab
D416Ba,D416Ba
D417Aa,D417Aa
D417Bb,D417Bb
D417Cb,D417Cb
D417Da,D417Da
D501Aa,D501Aa
D501Bb,D501Bb
D502Ab,D502Ab
D502Ba,D502Ba
D502Cb,D502Cb
D506Aa,D506Aa
D506Bb,D506Bb
D506Ca,D506Ca
D506Db,D506Db
D601Ab,D601Ab
D601Ba,D601Ba
D601Ca,D601Ca
D601Da,D601Da
D601Eb,D601Eb
D601Fa,D601Fa
D900Ab,D900Ab
D900Bb,D900Bb
D900Cb,D900Cb
D900Da,D900Da
D910Ab,D910Ab
D910Bb,D910Bb
D910Ca,D910Ca
D910Db,D910Db
D910Ea,D910Ea
D910Fb,D910Fb
D910Ga,D910Ga
D915Ab,D915Ab
D915Ba,D915Ba
D915Ca,D915Ca
D915Da,D915Da
D915Eb,D915Eb
D916Aa,D916Aa
D916Bb,D916Bb
D916Ca,D916Ca
D916Db,D916Db
D922Aa,D922Aa
D922Bb,D922Bb
D922Ca,D922Ca
D922Db,D922Db
D922Eb,D922Eb
D922Fb,D922Fb
D922Ga,D922Ga
D922Ha,D922Ha
D922Ib,D922Ib
D950Aa,D950Aa
D950Bb,D950Bb
D950Ca,D950Ca
D950Da,D950Da
D950Eb,D950Eb
D950Fb,D950Fb
D950Ga,D950Ga
D950Ha,D950Ha
D950Ib,D950Ib
D950Jb,D950Jb
D950Kb,D950Kb
D950Lb,D950Lb
D960Ab,D960Ab
D960Ba,GB960Ba
GB12Aa,GB012Aa
GB12Bb,GB012Bb
GB12Cb,GB012Cb
GB15Ab,GB015Ab
GB15Ba,GB015Ba
GB15Ca,GB015Ca
GB15Db,GB015Db
GB16Aa,GB016Aa
GB16Bb,GB016Bb
GB18Ab,GB018Ab
GB18Bb,GB018Bb
GB18Ca,GB018Ca
GB18Da,GB018Da
GB18Eb,GB018Eb
GB18Fa,GB018Fa
GB19Aa,GB019Aa
GB19Ba,GB019Ba
GB19Ca,GB019Ca
GB19Db,GB019Db
GB19Eb,GB019Eb
GB19Fb,GB019Fb
GB20Aa,GB020Aa
GB20Bb,GB020Bb
GB21Aa,GB021Aa
GB21Bb,GB021Bb
GB21Ca,GB021Ca
GB21Db,GB021Db
GB21Eb,GB021Eb
GB21Fb,GB021Fb
GB21Ga,GB021Ga
GB21Hb,GB021Hb
GB21Ia,GB021Ia
GB21Jb,GB021Jb
GB21Kb,GB021Kb
GB21Lb,GB021Lb
GB21Ma,GB021Ma
GB21Nb,GB021Nb
GB21Oa,GB021Oa
GB21Pb,GB021Pb
GB21Qb,GB021Qb
GB21Rb,GB021Rb
GB21Sb,GB021Sb
GB21Ta,GB021Ta
GB21Ua,GB021Ua
GB21Va,GB021Va
GB21Wb,GB021Wb
GB24Ab,GB024Ab
GB24Ba,GB024Ba
GB25Aa,GB025Aa
GB25Ba,GB025Ba
GB25Cb,GB025Cb
GB25Db,GB025Db
GB27Ab,GB027Ab
GB27Ba,GB027Ba
GB27Cb,GB027Cb
GB27Da,GB027Da
GB27Ea,GB027Ea
GB27Fb,GB027Fb
GB27Gb,GB027Gb
GB27Ha,GB027Ha
GB27Ib,GB027Ib
GB29Ab,GB029Ab
GB29Ba,GB029Ba
GB29Ca,GB029Ca
GB30Ab,GB030Ab
GB30Ba,GB030Ba
GB31Ab,GB031Ab
GB31Ba,GB031Ba
GB31Cb,GB031Cb
GB31Da,GB031Da
GB31Ea,GB031Ea
GB31Fb,GB031Fb
GB31Ga,GB031Ga
GB31Ha,GB031Ha
GB31Ia,GB031Ia
GB31Jb,GB031Jb
GB31Kb,GB031Kb
GB31Lb,GB031Lb
GB31Mb,GB031Mb
GB32Aa,GB032Aa
GB32Bb,GB032Bb
GB32Ca,GB032Ca
GB32Db,GB032Db
GB32Eb,GB032Eb
GB33Ab,GB033Ab
GB33Ba,GB033Ba
GB33Ca,GB033Ca
GB33Db,GB033Db
GB33Ea,GB033Ea
GB33Fb,GB033Fb
GB33Ga,GB033Ga
GB33Ha,GB033Ha
GB33Ia,GB033Ia
GB33Ja,GB033Ja
GB33Kb,GB033Kb
GB34Ab,GB034Ab
GB34Ba,GB034Ba
GB36Ab,GB036Ab
GB36Ba,GB036Ba
GB37Ab,GB037Ab
GB37Ba,GB037Ba
GB38Aa,GB038Aa
GB38Ba,GB038Ba
GB38Cb,GB038Cb
GB38Db,GB038Db
GB40Aa,GB040Aa
GB40Ba,GB040Ba
GB40Cb,GB040Cb
GB40Db,GB040Db
GB45Aa,GB045Aa
GB45Ba,GB045Ba
GB45Cb,GB045Cb
GB45Db,GB045Db
GB46Ab,GB046Ab
GB46Ba,GB046Ba
GB46Cb,GB046Cb
GB46Da,GB046Da
GB47Aa,GB047Aa
GB47Bb,GB047Bb
GB47Cb,GB047Cb
GB47Db,GB047Db
GB47Eb,GB047Eb
GB47Fa,GB047Fa
GB47Ga,GB047Ga
GB47Ha,GB047Ha
GB47Ia,GB047Ia
GB47Jb,GB047Jb
GB47Kb,GB047Kb
GB47Lb,GB047Lb
GB47Ma,GB047Ma
GB47Na,GB047Na
GB48Aa,GB048Aa
GB48Ba,GB048Ba
GB48Cb,GB048Cb
GB48Db,GB048Db
GB48Ea,GB048Ea
GB48Fb,GB048Fb
GB51Ab,GB051Ab
GB51Ba,GB051Ba
GB51Cb,GB051Cb
GB51Db,GB051Db
GB51Eb,GB051Eb
GB51Fb,GB051Fb
GB51Ga,GB051Ga
GB51Ha,GB051Ha
GB51Ia,GB051Ia
GB52Aa,GB052Aa
GB52Bb,GB052Bb
GB52Cb,GB052Cb
GB52Db,GB052Db
GB52Ea,GB052Ea
GB54Aa,GB054Aa
GB54Bb,GB054Bb
GB54Ca,GB054Ca
GB54Da,GB054Da
GB54Ea,GB054Ea
GB54Fb,GB054Fb
GB61Aa,GB061Aa
GB61Ba,GB061Ba
GB61Cb,GB061Cb
GB61Da,GB061Da
GB63Aa,GB063Aa
GB63Bb,GB063Bb
GB65Aa,GB065Aa
GB65Bb,GB065Bb
GB65Ca,GB065Ca
GB65Da,GB065Da
GB65Ea,GB065Ea
GB65Fb,GB065Fb
GB65Gb,GB065Gb
GB65Hb,GB065Hb
GB65Ia,GB065Ia
GB66Ab,GB066Ab
GB66Bb,GB066Bb
GB66Ca,GB066Ca
GB66Da,GB066Da
GB67Aa,GB067Aa
GB67Bb,GB067Bb
GB68Ab,GB068Ab
GB68Ba,GB068Ba
GB68Cb,GB068Cb
GB70Ab,GB070Ab
GB70Ba,GB070Ba
GB70Cb,GB070Cb
GB70Db,GB070Db
GB70Ea,GB070Ea
GB70Fa,GB070Fa
GB71Aa,GB071Aa
GB71Bb,GB071Bb
GB71Cb,GB071Cb
GB71Db,GB071Db
GB71Ea,GB071Ea
GB71Fb,GB071Fb
GB71Ga,GB071Ga
GB71Ha,GB071Ha
GB71Ib,GB071Ib
GB71Ja,GB071Ja
GB71Ka,GB071Ka
GB71La,GB071La
GB81Ab,GB081Ab
GB81Ba,GB081Ba
GB81Cb,GB081Cb
GB81Da,GB081Da
GB88Aa,GB088Aa
GB88Bb,GB088Bb
GB90Aa,GB090Aa
GB90Bb,GB090Bb
GB90Ca,GB090Ca
GB90Db,GB090Db
GB90Ea,GB090Ea
GB90Fb,GB090Fb
GB90Gb,GB090Gb
GB90Hb,GB090Hb
GB91Ab,GB091Ab
GB91Ba,GB091Ba
GB92Aa,GB092Aa
GB92Ba,GB092Ba
GB92Cb,GB092Cb
GB92Db,GB092Db
GB93Aa,GB093Aa
GB93Bb,GB093Bb
GB96Ab,GB096Ab
GB96Ba,GB096Ba
GB96Ca,GB096Ca
GB96Db,GB096Db
GB96Ea,GB096Ea
GB96Fb,GB096Fb
GB96Ga,GB096Ga
GB96Ha,GB096Ha
GB96Ib,GB096Ib
GB96Jb,GT096Jb
GT01Aa,GT001Aa
GT01Ba,GT001Ba
GT01Cb,GT001Cb
GT01Db,GT001Db
GT01Ea,GT001Ea
GT01Fb,GT001Fb
GT01Gb,GT001Gb
GT01Ha,GT001Ha
GT01Ia,GT001Ia
GT01Jb,GT001Jb
GT01Ka,GT001Ka
GT02Aa,GT002Aa
GT02Bb,GT002Bb
GT03Ab,GT003Ab
GT03Bb,GT003Bb
GT03Ca,GT003Ca
GT03Da,GT003Da
GT03Ea,GT003Ea
GT03Fb,GT003Fb
GT03Ga,GT003Ga
GT03Ha,GT003Ha
GT03Ia,GT003Ia
GT03Jb,GT003Jb
GT05Aa,GT005Aa
GT05Bb,GT005Bb
GT05Ca,GT005Ca
GT06Aa,GT006Aa
GT06Bb,GT006Bb
GT07Ab,GT007Ab
GT07Ba,GT007Ba
GT07Ca,GT007Ca
GT07Db,GT007Db
GT07Ea,GT007Ea
GT07Fb,GT007Fb
GT07Ga,GT007Ga
GT08Ab,GT008Ab
GT08Ba,GT008Ba
GT09Ab,GT009Ab
GT09Ba,GT009Ba
GT09Cb,GT009Cb
GT09Db,GT009Db
GT09Eb,GT009Eb
GT09Fb,GT009Fb
GT09Ga,GT009Ga
GT09Hb,GT009Hb
GT09Ia,GT009Ia
GT09Ja,HB009Ja
HB01Aa,HB001Aa
HB01Bb,HB001Bb
HB01Cb,HB001Cb
HB01Da,HB001Da
HB02Aa,HB002Aa
HB02Ba,HB002Ba
HB02Cb,HB002Cb
HB02Db,HB002Db
HB03Ab,HB003Ab
HB03Ba,HB003Ba
HB03Ca,HB003Ca
HB03Db,HB003Db
HB03Ea,HB003Ea
HB03Fa,HB003Fa
HB03Ga,HB003Ga
HB04Ab,HB004Ab
HB04Ba,HB004Ba
HB04Cb,HB004Cb
HB04Db,HB004Db
HB05Ab,HB005Ab
HB05Ba,HB005Ba
HB06Ab,HB006Ab
HB06Ba,HB006Ba
HB101A,HB101A
HB101B,HB101B
HB101C,HB101C
HB10Aa,HB010Aa
HB10Ba,HB010Ba
HB10Cb,HB010Cb
HB10Da,HB010Da
HB11Aa,HB011Aa
HB11Ba,HB011Ba
HB11Cb,HB011Cb
HB12Aa,HB012Aa
HB12Bb,HB012Bb
HB12Cb,HB012Cb
HB12Da,HB012Da
HB12Eb,HB012Eb
HB15Aa,HB015Aa
HB15Ba,HB015Ba
HB15Ca,HB015Ca
HB20Aa,HB020Aa
HB21Aa,HB021Aa
HB21Ba,HB021Ba
HB25Aa,HB025Aa
HB25Ba,HB025Ba
HB300A,HB300A
HB300B,HB300B
HB301A,HB301A
HB301B,HB301B
HB302A,HB302A
HB302B,HB302B
HB40Aa,HB040Aa
HB40Ba,HB040Ba
HB48Aa,HB048Aa
HB48Ba,HB048Ba
HB48Ca,HB048Ca
HB50Aa,HB050Aa
HB50Ba,HB050Ba
HB51Aa,HB051Aa
HB51Ba,HB051Ba
HB52Aa,HB052Aa
HB52Ba,HB052Ba
HB80Aa,HB080Aa
HB80Ba,HB080Ba
HB80Ca,HB080Ca
HB80Da,HB080Da
HB81Aa,HB081Aa
HB81Ba,HB081Ba
HB81Ca,HB081Ca
HB83Aa,HB083Aa
HB87Aa,HB087Aa
HB87Ba,HM087Ba
HM01AA,HM001AA
HM01AB,HM001AB
HM01BA,HM001BA
HM01BB,HM001BB
HM02AA,HM002AA
HM02AB,HM002AB
HM02AC,HM002AC
HM02BA,HM002BA
HM02BB,HM002BB
HM02BC,HM002BC
HM03A,HM003A
HM04A,HM004A
HM05A,HM005A
HM06A,HM006A
HM06B,HM006B
HM06C,HM006C
HM07A,HM007A
HM07B,HM007B
HM08A,HM008A
HM08B,HM008B
HM50AA,HM050AA
HM50BA,HM050BA
HM50BB,HM050BB
HM51AA,HM051AA
HM51BA,HM051BA
HM51BB,HO051BB
HO01A,HO001A
HO01B,HO001B
HO03A,HO003A
HO03B,HO003B
HO04A,HO004A
HO04B,HO004B
HO04C,HO004C
HO04D,HO004D
HO04E,HO004E
HO05A,HO005A
HO05B,HO005B
HO05C,HO005C
HO05D,HO005D
HO05E,HO005E
HO06A,HO006A
HO06B,HO006B
HO10A,HO010A
HO10B,HO010B
HO10C,HO010C
HO10D,HO010D
HO11A,HO011A
HO11B,HO011B
HO11C,HO011C
HO11D,HO011D
HO120A,HO120A
HO120B,HO120B
HO12A,HO012A
HO12B,HO012B
HO12C,HO012C
HO13A,HO013A
HO13B,HO013B
HO13C,HO013C
HO13D,HO013D
HO14A,HO014A
HO14B,HO014B
HO14C,HO014C
HO14D,HO014D
HO14E,HO014E
HO14F,HO014F
HO15A,HO015A
HO15B,HO015B
HO15C,HO015C
HO15D,HO015D
HO17A,HO017A
HO17B,HO017B
HO18A,HO018A
HO18B,HO018B
HO190A,HO190A
HO190B,HO190B
HO19A,HO019A
HO19B,HO019B
HO19C,HO019C
HO19D,HO019D
HO20A,HO020A
HO20B,HO020B
HO24A,HO024A
HO24B,HO024B
HO26A,HO026A
HO26B,HO026B
HO28A,HO028A
HO28B,HO028B
HO33A,HO033A
HO33B,HO033B
HO33C,HO033C
HO34A,HO034A
HO34B,HO034B
HO34C,HO034C
HO71A,HO071A
HO80A,HO080A
HO80B,HO080B
HO80C,HO080C
HO80D,HO080D
HO81A,HO081A
HO81B,HO081B
HO81C,HO081C
HO81D,HO081D
HO82A,HO082A
HO83A,HO083A
HO84A,HO084A
HO84B,HO084B
HO84C,HO084C
HO86A,HO086A
HO86B,HO086B
HO90A,HO090A
HO90B,HO090B
HO90C,HO090C
HO91A,HO091A
HO91B,HO091B
HO92A,HO092A
HO92B,M092B
M001Aa,M001Aa
M001Ba,M001Ba
M001Cb,M001Cb
M001Db,M001Db
M001Eb,M001Eb
M001Fa,M001Fa
M001Ga,M001Ga
M001Ha,M001Ha
M001Ia,M001Ia
M003Ab,M003Ab
M003Bb,M003Bb
M003Ca,M003Ca
M004Aa,M004Aa
M004Bb,M004Bb
M004Cb,M004Cb
M004Da,M004Da
M004Ea,M004Ea
M004Fb,M004Fb
M005Ab,M005Ab
M005Ba,M005Ba
M006Aa,M006Aa
M006Bb,M006Bb
M006Ca,M006Ca
M006Da,M006Da
M006Eb,M006Eb
M007Aa,M007Aa
M007Bb,M007Bb
M008Ab,M008Ab
M008Bb,M008Bb
M008Ca,M008Ca
M008Da,M008Da
M008Ea,M008Ea
M008Fb,M008Fb
M009Aa,M009Aa
M009Ba,M009Ba
M009Cb,M009Cb
M009Db,M009Db
M009Eb,M009Eb
M010Aa,M010Aa
M010Bb,M010Bb
M010Ca,M010Ca
M011Aa,M011Aa
M011Ba,M011Ba
M011Cb,M011Cb
M011Db,M011Db
M011Eb,M011Eb
M011Fa,M011Fa
M012Aa,M012Aa
M012Bb,M012Bb
M012Cb,M012Cb
M012Da,M012Da
M012Eb,M012Eb
M012Fb,M012Fb
M013Ab,M013Ab
M013Ba,M013Ba
M013Ca,M013Ca
M013Da,M013Da
M013Ea,M013Ea
M014Ab,M014Ab
M014Bb,M014Bb
M014Ca,M014Ca
M014Da,M014Da
M015Ab,M015Ab
M015Ba,M015Ba
M015Ca,M015Ca
M016Aa,M016Aa
M016Bb,M016Bb
M016Cb,M016Cb
M019Aa,M019Aa
M019Ba,M019Ba
M019Ca,M019Ca
M019Db,M019Db
M019Eb,M019Eb
M019Fb,M019Fb
M019Gb,M019Gb
M019Hb,M019Hb
M019Ia,M019Ia
M019Ja,M019Ja
M019Kb,M019Kb
M020Ab,M020Ab
M020Bb,M020Bb
M020Ca,M020Ca
M020Db,M020Db
M021Ab,M021Ab
M021Ba,M021Ba
M022Aa,M022Aa
M022Bb,M022Bb
M023Aa,M023Aa
M023Ba,M023Ba
M023Ca,M023Ca
M023Db,M023Db
M024Aa,M024Aa
M024Bb,M024Bb
M025Aa,M025Aa
M026Ab,M026Ab
M026Ba,M026Ba
M026Cb,M026Cb
M026Db,M026Db
M028Aa,M028Aa
M028Ba,M028Ba
M028Cb,M028Cb
M028Da,M028Da
M028Eb,M028Eb
M029Aa,M029Aa
M029Ba,M029Ba
M029Cb,M029Cb
M029Da,M029Da
M029Eb,M029Eb
M030Ab,M030Ab
M030Ba,M030Ba
M032Aa,M032Aa
M032Bb,M032Bb
M034Ab,M034Ab
M034Ba,M034Ba
M035Aa,M035Aa
M035Bb,M035Bb
M035Cb,M035Cb
M035Da,M035Da
M035Ea,M035Ea
M035Fb,M035Fb
M035Gb,M035Gb
M035Hb,M035Hb
M035Ia,M035Ia
M035Ja,M035Ja
M036Ab,M036Ab
M037Ab,M037Ab
M037Ba,M037Ba
M038Ab,M038Ab
M038Ba,M038Ba
M038Cb,M038Cb
M038Db,M038Db
M038Eb,M038Eb
M038Fa,M038Fa
M039Aa,M039Aa
M039Ba,M039Ba
M039Cb,M039Cb
M039Db,M039Db
M039Ea,M039Ea
M039Fa,M039Fa
M041Ab,M041Ab
M041Ba,M041Ba
M041Ca,M041Ca
M041Db,M041Db
M041Eb,M041Eb
M042Ab,M042Ab
M042Ba,M042Ba
M043Aa,M043Aa
M043Bb,M043Bb
M044Aa,M044Aa
M044Ba,M044Ba
M044Cb,M044Cb
M044Db,M044Db
M044Eb,M044Eb
M045Aa,M045Aa
M045Bb,M045Bb
M045Ca,M045Ca
M045Da,M045Da
M045Eb,M045Eb
M045Fb,M045Fb
M045Gb,M045Gb
M046Aa,M046Aa
M046Bb,M046Bb
M047Aa,M047Aa
M048Ab,M048Ab
M048Ba,M048Ba
M049Ab,M049Ab
M049Bb,M049Bb
M049Ca,M049Ca
M049Db,M049Db
M049Ea,M049Ea
M051Aa,M051Aa
M051Ba,M051Ba
M051Cb,M051Cb
M051Db,M051Db
M051Eb,M051Eb
M053Ab,M053Ab
M053Ba,M053Ba
M053Ca,M053Ca
M053Db,M053Db
M057Aa,M057Aa
M057Bb,M057Bb
M057Cb,M057Cb
M059Ab,M059Ab
M061Aa,M061Aa
M061Ba,M061Ba
M061Cb,M061Cb
M061Db,M061Db
M061Eb,M061Eb
M061Fa,M061Fa
M064Aa,M064Aa
M064Bb,M064Bb
M066Ab,M066Ab
M066Ba,M066Ba
M067Ab,M067Ab
M067Ba,M067Ba
M068Aa,M068Aa
M070Aa,M070Aa
M070Bb,M070Bb
M071Ab,M071Ab
M071Ba,M071Ba
M073Ab,M073Ab
M073Ba,M073Ba
M076Aa,M076Aa
M076Bb,M076Bb
M087Aa,M087Aa
M087Bb,M087Bb
M090Ab,M090Ab
M090Ba,M090Ba
M090Ca,M090Ca
M090Da,M090Da
M091Ab,M091Ab
M091Ba,M091Ba
M101Aa,M101Aa
M101Ba,M101Ba
M101Cb,M101Cb
M101Da,M101Da
M101Eb,M101Eb
M101Fa,M101Fa
M101Gb,M101Gb
M101Ha,M101Ha
M101Ib,M101Ib
M101Jb,M101Jb
M101Kb,M101Kb
M103Aa,M103Aa
M103Bb,M103Bb
M107Ab,M107Ab
M107Bb,M107Bb
M107Ca,M107Ca
M107Da,M107Da
M108Ab,M108Ab
M108Ba,M108Ba
M109Aa,M109Aa
M109Ba,M109Ba
M109Cb,M109Cb
M109Db,M109Db
M110Aa,M110Aa
M110Ba,M110Ba
M110Cb,M110Cb
M110Db,M110Db
M110Eb,M110Eb
M110Fa,M110Fa
M185Ab,M185Ab
M185Ba,M185Ba
M302Ab,M302Ab
M304Aa,M304Aa
M304Bb,M304Bb
M305Aa,M305Aa
M305Bb,M305Bb
M306Aa,M306Aa
M306Bb,M306Bb
M307Aa,M307Aa
M308Ab,M308Ab
M308Ba,M308Ba
M309Ab,M309Ab
M310Aa,M310Aa
M312Aa,M312Aa
M314Aa,M314Aa
M314Bb,M314Bb
M315Aa,M315Aa
M315Bb,M315Bb
M321Ab,M321Ab
M321Ba,M321Ba
M334Ab,M334Ab
M335Ab,M335Ab
M347Ab,M347Ab
M347Ba,T347Ba
T005Ab,T005Ab
T005Ba,T005Ba
T005Cb,T005Cb
T005Da,T005Da
T006Ab,T006Ab
T006Bb,T006Bb
T006Ca,T006Ca
T006Da,T006Da
T006Eb,T006Eb
T007Ab,T007Ab
T007Ba,T007Ba
T007Ca,T007Ca
T007Db,T007Db
T007Eb,T007Eb
T007Fa,T007Fa
T007Ga,T007Ga
T007Ha,T007Ha
T008Ab,T008Ab
T008Ba,T008Ba
T009Ab,T009Ab
T009Ba,T009Ba
T009Cb,T009Cb
T010Ab,T010Ab
T010Ba,T010Ba
T010Ca,T010Ca
T011Ab,T011Ab
T011Ba,T011Ba
T011Ca,T011Ca
T011Db,T011Db
T011Eb,T011Eb
T012Ab,T012Ab
T012Ba,T012Ba
T012Ca,T012Ca
T012Db,T012Db
T012Ea,T012Ea
T012Fa,T012Fa
T012Gb,T012Gb
T012Hb,T012Hb
T012Ib,T012Ib
T012Ja,T012Ja
T012Ka,T012Ka
T012La,T012La
T014Ab,T014Ab
T014Ba,T014Ba
T015Ab,T015Ab
T015Ba,T015Ba
T016Ab,T016Ab
T016Ba,T016Ba
T016Ca,T016Ca
T017Aa,T017Aa
T017Bb,T017Bb
T017Cb,T017Cb
T017Da,T017Da
T017Eb,T017Eb
T017Fa,T017Fa
T017Gb,T017Gb
T020Aa,T020Aa
T020Bb,T020Bb
T021Ab,T021Ab
T021Bb,T021Bb
T021Ca,T021Ca
T021Da,T021Da
T021Ea,T021Ea
T021Fb,T021Fb
T022Ab,T022Ab
T022Bb,T022Bb
T022Ca,T022Ca
T022Da,T022Da
T023Ab,T023Ab
T023Bb,T023Bb
T023Ca,T023Ca
T023Da,T023Da
T024Ab,T024Ab
T024Bb,T024Bb
T024Ca,T024Ca
T024Db,T024Db
T024Eb,T024Eb
T024Fa,T024Fa
T024Ga,T024Ga
T024Hb,T024Hb
T024Ib,T024Ib
T024Ja,T024Ja
T024Kb,T024Kb
T024La,T024La
T025Ab,T025Ab
T025Ba,T025Ba
T025Ca,T025Ca
T025Db,T025Db
T026Aa,T026Aa
T026Bb,T026Bb
T028Ab,T028Ab
T028Ba,T028Ba
T029Ab,T029Ab
T029Bb,T029Bb
T029Ca,T029Ca
T029Da,T029Da
T029Eb,T029Eb
T029Fb,T029Fb
T029Ga,T029Ga
T029Hb,T029Hb
T029Ia,T029Ia
T029Jb,T029Jb
T029Ka,T029Ka
T030Ab,T030Ab
T030Ba,T030Ba
T031Aa,T031Aa
T031Ba,T031Ba
T031Cb,T031Cb
T031Db,T031Db
T032Aa,T032Aa
T032Ba,T032Ba
T032Cb,T032Cb
T032Db,T032Db
T032Ea,T032Ea
T032Fb,T032Fb
T032Ga,T032Ga
T032Hb,T032Hb
T032Ia,T032Ia
T033Ab,T033Ab
T033Ba,T033Ba
T034Ab,T034Ab
T034Bb,T034Bb
T034Ca,T034Ca
T034Da,T034Da
T034Ea,T034Ea
T034Fb,T034Fb
T035Ab,T035Ab
T035Bb,T035Bb
T035Cb,T035Cb
T035Da,T035Da
T035Eb,T035Eb
T035Fb,T035Fb
T035Gb,T035Gb
T035Hb,T035Hb
T035Ib,T035Ib
T035Ja,T035Ja
T035Kb,T035Kb
T035La,T035La
T035Mb,T035Mb
T035Nb,T035Nb
T035Oa,T035Oa
T035Pa,T035Pa
T035Qb,T035Qb
T035Rb,T035Rb
T035Sb,T035Sb
T035Ta,T035Ta
T035Ub,T035Ub
T035Vb,T035Vb
T036Ab,T036Ab
T036Bb,T036Bb
T036Cb,T036Cb
T036Da,T036Da
T036Ea,T036Ea
T036Fa,T036Fa
T036Gb,T036Gb
T036Hb,T036Hb
T036Ia,T036Ia
T036Jb,T036Jb
T037Aa,T037Aa
T037Bb,T037Bb
T037Cb,T037Cb
T037Da,T037Da
T037Eb,T037Eb
T038Aa,T038Aa
T038Bb,T038Bb
T038Cb,T038Cb
T038Da,T038Da
T038Ea,T038Ea
T039Aa,T039Aa
T039Ba,T039Ba
T039Cb,T039Cb
T039Da,T039Da
T039Ea,T039Ea
T039Fb,T039Fb
T039Gb,T039Gb
T039Ha,T039Ha
T039Ia,T039Ia
T039Jb,T039Jb
T040Ab,T040Ab
T040Ba,T040Ba
T041Ab,T041Ab
T041Bb,T041Bb
T041Ca,T041Ca
T041Da,T041Da
T041Ea,T041Ea
T041Fb,T041Fb
T042Aa,T042Aa
T042Bb,T042Bb
T042Cb,T042Cb
T042Db,T042Db
T042Ea,T042Ea
T042Fa,T042Fa
T042Gb,T042Gb
T042Hb,T042Hb
T042Ia,T042Ia
T042Jb,T042Jb
T043Ab,T043Ab
T043Ba,T043Ba
T043Ca,T043Ca
T043Db,T043Db
T043Ea,T043Ea
T043Fb,T043Fb
T044Aa,T044Aa
T044Bb,T044Bb
T044Ca,T044Ca
T044Db,T044Db
T045Aa,T045Aa
T045Bb,T045Bb
T045Cb,T045Cb
T045Da,T045Da
T045Eb,T045Eb
T045Fa,T045Fa
T046Aa,T046Aa
T046Bb,T046Bb
T047Aa,T047Aa
T047Ba,T047Ba
T047Cb,T047Cb
T047Da,T047Da
T047Eb,T047Eb
T047Fb,T047Fb
T048Ab,T048Ab
T048Ba,T048Ba
T049Ab,T049Ab
T049Ba,T049Ba
T049Ca,T049Ca
T050Aa,T050Aa
T050Bb,T050Bb
T051Ab,T051Ab
T051Ba,T051Ba
T052Ab,T052Ab
T052Bb,T052Bb
T052Cb,T052Cb
T052Da,T052Da
T052Ea,T052Ea
T052Fb,T052Fb
T052Gb,T052Gb
T052Ha,T052Ha
T052Ib,T052Ib
T052Jb,T052Jb
T052Ka,T052Ka
T052Lb,T052Lb
T052Mb,T052Mb
T052Na,T052Na
T052Oa,T052Oa
T052Pa,T052Pa
T052Qb,T052Qb
T052Ra,T052Ra
T052Sb,T052Sb
T052Tb,T052Tb
T052Ua,T052Ua
T053Ab,T053Ab
T053Bb,T053Bb
T053Ca,T053Ca
T053Da,T053Da
T053Ea,T053Ea
T053Fb,T053Fb
T053Ga,T053Ga
T053Ha,T053Ha
T053Ib,T053Ib
T053Jb,T053Jb
T053Kb,T053Kb
T053La,T053La
T053Mb,T053Mb
T053Nb,T053Nb
T053Oa,T053Oa
T054Aa,T054Aa
T054Bb,T054Bb
T054Cb,T054Cb
T054Da,T054Da
T054Eb,T054Eb
T054Fb,T054Fb
T054Gb,T054Gb
T054Ha,T054Ha
T054Ia,T054Ia
T054Jb,T054Jb
T054Kb,T054Kb
T054Lb,T054Lb
T054Ma,T054Ma
T054Nb,T054Nb
T054Ob,T054Ob
T054Pa,T054Pa
T054Qb,T054Qb
T054Ra,T054Ra
T054Sa,T054Sa
T054Tb,T054Tb
T054Ub,T054Ub
T055Aa,T055Aa
T055Bb,T055Bb
T055Cb,T055Cb
T055Da,T055Da
T056Aa,T056Aa
T056Bb,T056Bb
T056Cb,T056Cb
T056Da,T056Da
T057Ab,T057Ab
T057Ba,T057Ba
T057Cb,T057Cb
T059Ab,T059Ab
T059Ba,T059Ba
T059Cb,T059Cb
T059Db,T059Db
T059Eb,T059Eb
T059Fa,T059Fa
T059Ga,T059Ga
T059Ha,T059Ha
T060Aa,T060Aa
T060Ba,T060Ba
T060Cb,T060Cb
T060Da,T060Da
T060Ea,T060Ea
T060Fb,T060Fb
T060Gb,T060Gb
T060Hb,T060Hb
T060Ib,T060Ib
T060Ja,T060Ja
T060Ka,T060Ka
T061Aa,T061Aa
T061Bb,T061Bb
T062Aa,T062Aa
T062Bb,T062Bb
T062Ca,T062Ca
T063Aa,T063Aa
T063Ba,T063Ba
T063Cb,T063Cb
T063Da,T063Da
T063Eb,T063Eb
T063Fb,T063Fb
T064Ab,T064Ab
T064Ba,T064Ba
T065Ab,T065Ab
T065Ba,T065Ba
T066Aa,T066Aa
T066Ba,T066Ba
T066Cb,T066Cb
T066Db,T066Db
T067Ab,T067Ab
T067Ba,T067Ba
T067Cb,T067Cb
T067Db,T067Db
T067Ea,T067Ea
T068Ab,T068Ab
T068Bb,T068Bb
T068Cb,T068Cb
T068Db,T068Db
T068Ea,T068Ea
T068Fa,T068Fa
T069Ab,T069Ab
T069Bb,T069Bb
T069Cb,T069Cb
T069Da,T069Da
T069Eb,T069Eb
T069Fa,T069Fa
T069Gb,T069Gb
T069Ha,T069Ha
T070Ab,T070Ab
T070Ba,T070Ba
T070Ca,T070Ca
T070Db,T070Db
T070Eb,T070Eb
T070Fa,T070Fa
T071Aa,T071Aa
T071Bb,T071Bb
T071Cb,T071Cb
T071Da,T071Da
T071Eb,T071Eb
T071Fb,T071Fb
T072Aa,T072Aa
T072Bb,T072Bb
T072Cb,T072Cb
T072Da,T072Da
T073Aa,T073Aa
T073Bb,T073Bb
T073Ca,T073Ca
T073Da,T073Da
T073Ea,T073Ea
T073Fb,T073Fb
T073Gb,T073Gb
T073Hb,T073Hb
T074Ab,T074Ab
T074Ba,T074Ba
T075Ab,T075Ab
T075Bb,T075Bb
T075Ca,T075Ca
T075Da,T075Da
T075Ea,T075Ea
T075Fb,T075Fb
T075Ga,T075Ga
T076Aa,T076Aa
T076Ba,T076Ba
T076Ca,T076Ca
T076Db,T076Db
T076Ea,T076Ea
T076Fa,T076Fa
T076Gb,T076Gb
T076Ha,T076Ha
T076Ib,T076Ib
T076Jb,T076Jb
T077Aa,T077Aa
T077Bb,T077Bb
T077Ca,T077Ca
T077Db,T077Db
T078Ab,T078Ab
T078Ba,T078Ba
T079Aa,T079Aa
T079Ba,T079Ba
T079Ca,T079Ca
T079Db,T079Db
T079Eb,T079Eb
T080Ab,T080Ab
T080Bb,T080Bb
T080Cb,T080Cb
T080Da,T080Da
T080Ea,T080Ea
T080Fa,T080Fa
T081Ab,T081Ab
T081Ba,T081Ba
T081Ca,T081Ca
T081Da,T081Da
T081Eb,T081Eb
T081Fb,T081Fb
T082Aa,T082Aa
T082Bb,T082Bb
T083Aa,T083Aa
T083Bb,T083Bb
T084Aa,T084Aa
T084Ba,T084Ba
T084Ca,T084Ca
T084Db,T084Db
T084Ea,T084Ea
T084Fb,T084Fb
T084Ga,T084Ga
T084Hb,T084Hb
T084Ib,T084Ib
T084Jb,T084Jb
T084Ka,T084Ka
T084La,T084La
T084Ma,T084Ma
T084Nb,T084Nb
T084Ob,T084Ob
T085Ab,T085Ab
T085Ba,T085Ba
T085Cb,T085Cb
T085Da,T085Da
T085Ea,T085Ea
T085Fb,T085Fb
T085Gb,T085Gb
T085Ha,T085Ha
T086Ab,T086Ab
T086Bb,T086Bb
T086Cb,T086Cb
T086Da,T086Da
T086Ea,T086Ea
T086Fa,T086Fa
T086Gb,T086Gb
T086Ha,T086Ha
T086Ia,T086Ia
T086Ja,T086Ja
T086Ka,T086Ka
T086Lb,T086Lb
T087Aa,T087Aa
T087Bb,T087Bb
T087Cb,T087Cb
T087Da,T087Da
T088Aa,T088Aa
T088Bb,T088Bb
T088Ca,T088Ca
T088Da,T088Da
T088Eb,T088Eb
T088Fa,T088Fa
T088Gb,T088Gb
T089Ab,T089Ab
T089Ba,T089Ba
T090Ab,T090Ab
T090Ba,T090Ba
T090Ca,T090Ca
T090Db,T090Db
T091Ab,T091Ab
T091Ba,T091Ba
T091Cb,T091Cb
T091Da,T091Da
T091Eb,T091Eb
T091Fa,T091Fa
T091Gb,T091Gb
T092Aa,T092Aa
T092Bb,T092Bb
T093Ab,T093Ab
T093Ba,T093Ba
T094Ab,T094Ab
T094Ba,T094Ba
T094Cb,T094Cb
T094Da,T094Da
T095Ab,T095Ab
T095Bb,T095Bb
T095Cb,T095Cb
T095Da,T095Da
T095Ea,T095Ea
T095Fb,T095Fb
T095Ga,T095Ga
T095Ha,T095Ha
T096Aa,T096Aa
T096Bb,T096Bb
T096Cb,T096Cb
T096Db,T096Db
T096Ea,T096Ea
T096Fb,T096Fb
T096Ga,T096Ga
T097Aa,T097Aa
T097Ba,T097Ba
T097Cb,T097Cb
T097Da,T097Da
T097Eb,T097Eb
T097Fb,T097Fb
T097Gb,T097Gb
T098Ab,T098Ab
T098Ba,T098Ba
T098Cb,T098Cb
T098Da,T098Da
T098Ea,T098Ea
T098Fa,T098Fa
T098Gb,T098Gb
T098Hb,T098Hb
T099Ab,T099Ab
T099Ba,T099Ba
T100Ab,T100Ab
T100Ba,T100Ba
T101Aa,T101Aa
T101Bb,T101Bb
T102Aa,T102Aa
T102Bb,T102Bb
T102Ca,T102Ca
T102Db,T102Db
T102Ea,T102Ea
T102Fa,T102Fa
T102Gb,T102Gb
T102Hb,T102Hb
T102Ib,T102Ib
T104Aa,T104Aa
T104Bb,T104Bb
T105Aa,T105Aa
T105Bb,T105Bb
T105Cb,T105Cb
T105Da,T105Da
T105Eb,T105Eb
T105Fa,T105Fa
T105Gb,T105Gb
T105Ha,T105Ha
T105Ib,T105Ib
T105Jb,T105Jb
T106Aa,T106Aa
T106Bb,T106Bb
T106Ca,T106Ca
T106Db,T106Db
T107Ab,T107Ab
T107Ba,T107Ba
T107Ca,T107Ca
T107Db,T107Db
T107Eb,T107Eb
T107Fb,T107Fb
T107Ga,T107Ga
T107Ha,T107Ha
T107Ib,T107Ib
T107Ja,T107Ja
T107Ka,T107Ka
T107Lb,T107Lb
T107Mb,T107Mb
T107Nb,T107Nb
T107Ob,T107Ob
T107Pa,T107Pa
T107Qb,T107Qb
T107Ra,T107Ra
T108Ab,T108Ab
T108Ba,T108Ba
T108Cb,T108Cb
T108Da,T108Da
T108Ea,T108Ea
T108Fb,T108Fb
T108Ga,T108Ga
T108Hb,T108Hb
T109Aa,T109Aa
T109Ba,T109Ba
T109Ca,T109Ca
T109Da,T109Da
T109Eb,T109Eb
T109Fb,T109Fb
T109Gb,T109Gb
T109Ha,T109Ha
T109Ib,T109Ib
T109Jb,T109Jb
T110Ab,T110Ab
T110Bb,T110Bb
T110Ca,T110Ca
T110Da,T110Da
T110Eb,T110Eb
T110Fa,T110Fa
T110Gb,T110Gb
T110Ha,T110Ha
T110Ia,T110Ia
T111Aa,T111Aa
T111Bb,T111Bb
T111Cb,T111Cb
T112Aa,T112Aa
T112Bb,T112Bb
T112Cb,T112Cb
T112Da,T112Da
T112Eb,T112Eb
T112Fa,T112Fa
T112Gb,T112Gb
T112Hb,T112Hb
T112Ib,T112Ib
T113Aa,T113Aa
T113Bb,T113Bb
T115Aa,T115Aa
T115Bb,T115Bb
T116Aa,T116Aa
T116Ba,T116Ba
T116Cb,T116Cb
T116Da,T116Da
T116Ea,T116Ea
T116Fb,T116Fb
T116Gb,T116Gb
T116Hb,T116Hb
T116Ia,T116Ia
T116Ja,T116Ja
T117Aa,T117Aa
T117Bb,T117Bb
T117Cb,T117Cb
T117Db,T117Db
T117Eb,T117Eb
T117Fa,T117Fa
T117Ga,T117Ga
T117Hb,T117Hb
T117Ia,T117Ia
T118Ab,T118Ab
T118Ba,T118Ba
T118Cb,T118Cb
T118Da,T118Da
T119Aa,T119Aa
T119Bb,T119Bb
T119Cb,T119Cb
T119Da,T119Da
T120Aa,T120Aa
T120Ba,T120Ba
T120Cb,T120Cb
T120Da,T120Da
T121Aa,T121Aa
T121Bb,T121Bb
T122Aa,T122Aa
T122Ba,T122Ba
T122Cb,T122Cb
T122Da,T122Da
T122Eb,T122Eb
T122Fb,T122Fb
T123Ab,T123Ab
T123Ba,T123Ba
T123Ca,T123Ca
T123Db,T123Db
T123Ea,T123Ea
T123Fa,T123Fa
T123Gb,T123Gb
T123Hb,T123Hb
T124Aa,T124Aa
T124Bb,T124Bb
T124Cb,T124Cb
T125Aa,T125Aa
T125Bb,T125Bb
T125Ca,T125Ca
T125Db,T125Db
T126Aa,T126Aa
T126Bb,T126Bb
T127Aa,T127Aa
T127Bb,T127Bb
T129Aa,T129Aa
T129Bb,T129Bb
T129Cb,T129Cb
T129Da,T129Da
T129Eb,T129Eb
T130Aa,T130Aa
T130Ba,T130Ba
T130Cb,T130Cb
T130Db,T130Db
T131Ab,T131Ab
T131Ba,T131Ba
T131Cb,T131Cb
T131Db,T131Db
T131Ea,T131Ea
T131Fa,T131Fa
T131Ga,T131Ga
T131Hb,T131Hb
T131Ib,T131Ib
T131Jb,T131Jb
T131Ka,T131Ka
T131Lb,T131Lb
T131Ma,T131Ma
T131Na,T131Na
T132Aa,T132Aa
T132Bb,T132Bb
T132Ca,T132Ca
T132Db,T132Db
T133Ab,T133Ab
T133Bb,T133Bb
T133Ca,T133Ca
T133Db,T133Db
T133Ea,T133Ea
T133Fa,T133Fa
T133Gb,T133Gb
T134Aa,T134Aa
T134Ba,T134Ba
T134Cb,T134Cb
T134Da,T134Da
T134Eb,T134Eb
T134Fb,T134Fb
T134Gb,T134Gb
T134Hb,T134Hb
T134Ib,T134Ib
T134Ja,T134Ja
T135Ab,T135Ab
T135Ba,T135Ba
T141Ab,T141Ab
T141Bb,T141Bb
T141Cb,T141Cb
T141Da,T141Da
T141Ea,T141Ea
T142Aa,T142Aa
T142Bb,T142Bb
T142Ca,T142Ca
T143Ab,T143Ab
T143Ba,T143Ba
T143Cb,T143Cb
T144Aa,T144Aa
T144Ba,T144Ba
T144Cb,T144Cb
T144Db,T144Db
T144Eb,T144Eb
T144Fa,T144Fa
T144Gb,T144Gb
T144Ha,T144Ha
T145Aa,T145Aa
T145Ba,T145Ba
T145Ca,T145Ca
T145Db,T145Db
T145Eb,T145Eb
T145Fb,T145Fb
T145Ga,T145Ga
T160Ab,T160Ab
T160Bb,T160Bb
T160Cb,T160Cb
T160Da,T160Da
T161Ab,T161Ab
T161Ba,T161Ba
T161Ca,T161Ca
T162Aa,T162Aa
T162Bb,T162Bb
T162Ca,T162Ca
T165Aa,T165Aa
T165Bb,T165Bb
T165Cb,T165Cb
T165Db,T165Db
T165Ea,T165Ea
T165Fb,T165Fb
T165Gb,T165Gb
T165Ha,T165Ha
T165Ia,T165Ia
T165Ja,T165Ja
T165Ka,T165Ka
T165Lb,T165Lb
T165Ma,T165Ma
T165Nb,T165Nb
T165Ob,T165Ob
T165Pa,T165Pa
T165Qa,T165Qa
T165Rb,T165Rb
T165Sb,T165Sb
T167Ab,T167Ab
T167Ba,T167Ba
T167Cb,T167Cb
T167Da,T167Da
T168Aa,T168Aa
T168Bb,T168Bb
T169Aa,T169Aa
T169Bb,T169Bb
T169Ca,T169Ca
T169Db,T169Db
T169Eb,T169Eb
T171Aa,T171Aa
T171Bb,T171Bb
T185Aa,T185Aa
T185Bb,T185Bb
T186Aa,T186Aa
T186Bb,T186Bb
T188Ab,T188Ab
T188Ba,T188Ba
T190Ab,T190Ab
T190Ba,T190Ba
T191Aa,T191Aa
T191Bb,T191Bb
T191Cb,T191Cb
T191Da,T191Da
T191Eb,T191Eb
T191Fa,T191Fa
T191Gb,T191Gb
T191Ha,T191Ha
T191Ib,T191Ib
T191Jb,T191Jb
T191Ka,T191Ka
T191La,T191La
T191Ma,T191Ma
T192Ab,T192Ab
T192Ba,T192Ba
T195Aa,T195Aa
T195Ba,T195Ba
T195Cb,T195Cb
T195Db,T195Db
T196Aa,T196Aa
T196Ba,T196Ba
T196Cb,T196Cb
T196Db,T196Db
T196Ea,T196Ea
T196Fa,T196Fa
T196Gb,T196Gb
T196Hb,T196Hb
T196Ib,T196Ib
T198Ab,T198Ab
T198Ba,T198Ba
T199Aa,T199Aa
T199Ba,T199Ba
T199Cb,T199Cb
T199Db,T199Db
T199Eb,T199Eb
T199Fa,T199Fa
T199Gb,T199Gb
T199Ha,T199Ha
T501Ab,T501Ab
T501Ba,T501Ba
T501Ca,T501Ca
T501Da,T501Da
T501Ea,T501Ea
T501Fa,T501Fa
T501Gb,T501Gb
T501Hb,T501Hb
T501Ia,T501Ia
T501Ja,T501Ja
T501Kb,T501Kb
T501La,T501La
T501Mb,T501Mb
T501Nb,T501Nb
T501Oa,T501Oa
T501Pb,T501Pb
T501Qb,T501Qb
T501Rb,T501Rb
T502Ab,T502Ab
T502Ba,T502Ba
T502Cb,T502Cb
T502Da,T502Da
T503Aa,T503Aa
T503Bb,T503Bb
T503Ca,T503Ca
T503Db,T503Db
T504Aa,T504Aa
T504Bb,T504Bb
T504Ca,T504Ca
T504Da,T504Da
T504Ea,T504Ea
T504Fb,T504Fb
T504Gb,T504Gb
T504Ha,T504Ha
T504Ib,T504Ib
T504Ja,T504Ja
T504Kb,T504Kb
T505Ab,T505Ab
T505Bb,T505Bb
T505Ca,T505Ca
T505Da,T505Da
T505Ea,T505Ea
T505Fb,T505Fb
T505Ga,T505Ga
T505Hb,T505Hb
T505Ia,T505Ia
T505Jb,T505Jb
T506Ab,T506Ab
T506Bb,T506Bb
T506Ca,T506Ca
T506Da,T506Da
T506Eb,T506Eb
T506Fa,T506Fa
T506Gb,T506Gb
T506Ha,T506Ha
T506Ia,T506Ia
T509Ab,T509Ab
T509Ba,T509Ba
T509Cb,T509Cb
T509Db,T509Db
T509Ea,T509Ea
T509Fa,T509Fa
T510Aa,T510Aa
T510Ba,T510Ba
T510Cb,T510Cb
T510Db,T510Db
T510Ea,T510Ea
T510Fa,T510Fa
T510Gb,T510Gb
T510Hb,T510Hb
T511Ab,T511Ab
T511Ba,T511Ba
T511Cb,T511Cb
T511Da,T511Da
T511Ea,T511Ea
T511Fb,T511Fb
T512Aa,T512Aa
T512Bb,T512Bb
T512Cb,T512Cb
T512Db,T512Db
T512Ea,T512Ea
T512Fa,T512Fa
T512Ga,T512Ga
T512Hb,T512Hb
T514Ab,T514Ab
T514Ba,T514Ba
T514Ca,T514Ca
T514Db,TS514Db
TS01Ab,TS001Ab
TS01Bb,TS001Bb
TS01Cb,TS001Cb
TS01Db,TS001Db
TS01Eb,TS001Eb
TS01Fb,TS001Fb
TS01Gb,TS001Gb
TS01Ha,TS001Ha
TS01Ia,TS001Ia
TS01Jb,TS001Jb
TS01Ka,TS001Ka
TS01Lb,TS001Lb
TS01Mb,TS001Mb
TS01Na,TS001Na
TS01Ob,TS001Ob
TS01Pa,TS001Pa
TS01Qb,TS001Qb
TS02Aa,TS002Aa
TS02Bb,TS002Bb
TS02Cb,TS002Cb
TS02Da,TS002Da
TS02Eb,TS002Eb
TS02Fb,TS002Fb
TS02Gb,TS002Gb
TS02Hb,TS002Hb
TS02Ib,TS002Ib
TS02Ja,TS002Ja
TS03Ab,TS003Ab
TS03Ba,TS003Ba
TS03Ca,TS003Ca
TS03Db,TS003Db
TS04Aa,TS004Aa
TS04Bb,TS004Bb
TS04Ca,TS004Ca
TS04Da,TS004Da
TS04Ea,W004Ea
W001Ab,W001Ab
W001Ba,W001Ba
W001Ca,W001Ca
W001Da,W001Da
W001Eb,W001Eb
W001Fb,W001Fb
W002Aa,W002Aa
W002Bb,W002Bb
W003Ab,W003Ab
W003Ba,W003Ba
W004Aa,W004Aa
W004Bb,W004Bb
W004Cb,W004Cb
W004Da,W004Da
W005Ab,W005Ab
W005Ba,W005Ba
W005Ca,W005Ca
W005Da,W005Da
W005Ea,W005Ea
W005Fb,W005Fb
W005Ga,W005Ga
W005Ha,W005Ha
W005Ib,W005Ib
W005Jb,W005Jb
W005Kb,W005Kb
W005Lb,W005Lb
W005Mb,W005Mb
W005Nb,W005Nb
W005Oa,W005Oa
W005Pa,W005Pa
W005Qa,W005Qa
W005Rb,W005Rb
W006Aa,W006Aa
W006Bb,W006Bb
W007Aa,W007Aa
W007Bb,W007Bb
W008Ab,W008Ab
W008Ba,W008Ba
W010Aa,W010Aa
W010Bb,W010Bb
W010Ca,W010Ca
W011Aa,W011Aa
W011Bb,W011Bb
W011Ca,W011Ca
W011Da,W011Da
W011Eb,W011Eb
W012Ab,W012Ab
W012Ba,W012Ba
W016Ab,W016Ab
W016Ba,W016Ba
W016Cb,W016Cb
W016Da,W016Da
W018Ab,W018Ab
W018Ba,W018Ba
W020Aa,W020Aa
W020Ba,W020Ba
W020Cb,W020Cb
W020Db,W020Db
W021Ab,W021Ab
W021Ba,W021Ba
W022Aa,W022Aa
W022Ba,W022Ba
W022Cb,W022Cb
W023Aa,W023Aa
W023Bb,W023Bb
W024Ab,W024Ab
W024Ba,W024Ba
W025Aa,W025Aa
W025Bb,W025Bb
W026Ab,W026Ab
W026Ba,W026Ba
W026Ca,W026Ca
W027Ab,W027Ab
W027Ba,W027Ba
W033Ab,W033Ab
W033Ba,W033Ba
W034Ab,W034Ab
W034Ba,W034Ba
W034Ca,W034Ca
W034Db,W034Db
W034Ea,W034Ea
W035Aa,W035Aa
W035Bb,W035Bb
W035Ca,W035Ca
W035Db,W035Db
W041Aa,W041Aa
W041Ba,W041Ba
W041Cb,W041Cb
W041Da,W041Da
W041Ea,W041Ea
W041Fb,W041Fb
W041Gb,W041Gb
W041Hb,W041Hb
W041Ib,W041Ib
W041Jb,W041Jb
W041Ka,W041Ka
W041La,W041La
W041Ma,W041Ma
W043Aa,W043Aa
W043Bb,W043Bb
W043Cb,W043Cb
W043Da,W043Da
W044Aa,W044Aa
W044Ba,W044Ba
W044Cb,W044Cb
W044Da,W044Da
W044Eb,W044Eb
W044Fb,W044Fb
W051Aa,W051Aa
W051Bb,W051Bb
W052Aa,W052Aa
W052Ba,W052Ba
W052Cb,W052Cb
W052Db,W052Db
W055Aa,W055Aa
W055Ba,W055Ba
W055Cb,W055Cb
W055Db,W055Db
W055Eb,W055Eb
W055Fa,W055Fa
W055Gb,W055Gb
W056Aa,W056Aa
W056Bb,W056Bb
W058Aa,W058Aa
W058Bb,W058Bb
W058Cb,Y058Cb
Y001Ab,Y001Ab
Y001Ba,Y001Ba
Y001Ca,Y001Ca
Y001Db,Y001Db
Y002Ab,Y002Ab
Y002Bb,Y002Bb
Y002Ca,Y002Ca
Y002Da,Y002Da
Y002Eb,Y002Eb
Y002Fa,Y002Fa
Y002Gb,Y002Gb
Y003Ab,Y003Ab
Y003Ba,Y003Ba
Y003Cb,Y003Cb
Y004Aa,Y004Aa
Y004Bb,Y004Bb
Y005Aa,Y005Aa
Y005Ba,Y005Ba
Y005Cb,Y005Cb
Y005Db,Y005Db
Y005Eb,Y005Eb
Y005Fb,Y005Fb
Y007Ab,Y007Ab
Y007Ba,Y007Ba
Y008Ab,Y008Ab
Y008Bb,Y008Bb
Y008Cb,Y008Cb
Y008Da,Y008Da
Y008Ea,Y008Ea
Y009Aa,Y009Aa
Y009Bb,Y009Bb
Y009Ca,Y009Ca
Y010Aa,Y010Aa
Y010Ba,Y010Ba
Y010Cb,Y010Cb
Y010Db,Y010Db
Y012Ab,Y012Ab
Y012Bb,Y012Bb
Y012Ca,Y012Ca
Y012Da,Y012Da
Y012Eb,Y012Eb
Y013Ab,Y013Ab
Y013Ba,Y013Ba
Y013Cb,Y013Cb
Y013Da,Y013Da
Y013Eb,Y013Eb
Y013Fa,Y013Fa
Y013Ga,Y013Ga
Y013Hb,Y013Hb
Y014Aa,Y014Aa
Y014Bb,Y014Bb
Y014Ca,Y014Ca
Y014Db,Y014Db
Y015Ab,Y015Ab
Y015Ba,Y015Ba
Y015Ca,Y015Ca
Y015Db,Y015Db
Y016Aa,Y016Aa
Y016Bb,Y016Bb
Y016Ca,Y016Ca
Y016Db,Y016Db
Y018Aa,Y018Aa
Y018Bb,Y018Bb
Y020Aa,Y020Aa
Y020Bb,Y020Bb
Y021Aa,Y021Aa
Y021Bb,Y021Bb
Y022Aa,Y022Aa
Y022Bb,Y022Bb
Y022Ca,Y022Ca
Y022Db,Y022Db
Y022Eb,Y022Eb
Y022Fa,Y022Fa
Y023Aa,Y023Aa
Y023Bb,Y023Bb
Y023Cb,Y023Cb
Y023Da,Y023Da
Y023Eb,Y023Eb
Y023Fb,Y023Fb
Y023Ga,Y023Ga
Y023Hb,Y023Hb
Y023Ia,Y023Ia
Y024Ab,Y024Ab
Y024Ba,Y024Ba
Y024Ca,Y024Ca
Y024Db,Y024Db
Y024Eb,Y024Eb
Y024Fa,Y024Fa
Y025Ab,Y025Ab
Y025Bb,Y025Bb
Y025Ca,Y025Ca
Y026Aa,Y026Aa
Y028Ab,Y028Ab
Y028Ba,Y028Ba
Y031Aa,Y031Aa
Y031Ba,Y031Ba
Y031Ca,Y031Ca
Y031Da,Y031Da
Y031Ea,Y031Ea
Y032Aa,Y032Aa
Y032Bb,Y032Bb
Y032Cb,Y032Cb
Y032Db,Y032Db
Y032Eb,Y032Eb
Y032Fb,Y032Fb
Y032Ga,Y032Ga
Y032Hb,Y032Hb
Y032Ib,Y032Ib
Y032Ja,Y032Ja
Y032Kb,Y032Kb
Y032La,Y032La
Y032Ma,Y032Ma
Y032Nb,Y032Nb
Y032Ob,Y032Ob
Y032Pa,Y032Pa
Y032Qa,Y032Qa
Y032Rb,Y032Rb
Y032Sb,Y032Sb
Y032Ta,Y032Ta
Y033Ab,Y033Ab
Y033Bb,Y033Bb
Y033Ca,Y033Ca
Y033Da,Y033Da
Y033Eb,Y033Eb
Y040Aa,Y040Aa
Y040Ba,Y040Ba
Y040Ca,Y040Ca
Y041Aa,Y041Aa
Y042Aa,Y042Aa
Y042Ba,Y042Ba
Y042Ca,Y042Ca
Y042Da,Y042Da
Y042Ea,Y042Ea
Y044Aa,Y044Aa
Y044Ba,Y044Ba
Y045Aa,Y045Aa
Y045Ba,Y045Ba
Y050Ab,Y050Ab
Y050Ba,Y050Ba
Y050Cb,Y050Cb
Y050Db,Y050Db
Y050Ea,Y050Ea
Y051Aa,Y051Aa
Y051Bb,Y051Bb
Y051Ca,Y051Ca
Y051Db,Y051Db
Y051Eb,Y051Eb
Y051Fa,Y051Fa
Y051Gb,Y051Gb
Y051Ha,Y051Ha
Y051Ia,Y051Ia
Y051Jb,Y051Jb
Y051Kb,Y051Kb
Y051La,Y051La
Y051Mb,Y051Mb
Y052Aa,Y052Aa
Y052Bb,Y052Bb
Y052Cb,Y052Cb
Y052Da,Y052Da
Y052Eb,Y052Eb
Y052Fa,Y052Fa
Y052Gb,Y052Gb
Y052Ha,Y052Ha
Y052Ia,Y052Ia
Y054Aa,Y054Aa
Y054Bb,Y054Bb
Y055Aa,Y055Aa
Y055Bb,Y055Bb
Y055Cb,Y055Cb
Y056Ab,Y056Ab
Y056Ba,Y056Ba
Y056Ca,Y056Ca
Y056Db,Y056Db
Y056Eb,Y056Eb
Y056Fb,Y056Fb
Y056Ga,Y056Ga
Y057Ab,Y057Ab
Y057Ba,Y057Ba
Y057Ca,Y057Ca
Y057Db,Y057Db
Y058Aa,Y058Aa
Y058Ba,Y058Ba
Y058Ca,Y058Ca
Y058Db,Y058Db
Y058Eb,Y058Eb
Y058Fa,Y058Fa
Y058Gb,Y058Gb
Y077Ab,Y077Ab
Y077Bb,Y077Bb
Y077Ca,Y077Ca
Y077Da,Y077Da
Y080Aa,Y080Aa
Y080Bb,Y080Bb
Y081Aa,Y081Aa
Y081Ba,Y081Ba
Y081Cb,Y081Cb
Y081Db,Y081Db
Y082Aa,Y082Aa
Y082Bb,Y082Bb
Y082Ca,Y082Ca
Y082Da,Y082Da
Y082Eb,Y082Eb
Y082Fb,Y082Fb
Y082Gb,Y082Gb
Y083Aa,Y083Aa
Y083Ba,Y083Ba
Y083Ca,Y083Ca
Y083Db,Y083Db
Y083Ea,Y083Ea
Y083Fb,Y083Fb
Y083Gb,Y083Gb
Y083Hb,Y083Hb
Y084Aa,Y084Aa
Y084Ba,Y084Ba
Y085Ab,Y085Ab
Y085Ba,Y085Ba
Y085Cb,Y085Cb
Y085Db,Y085Db
Y085Eb,Y085Eb
Y085Fa,Y085Fa
Y085Ga,Y085Ga
Y085Hb,Y085Hb
Y085Ib,Y085Ib
Y085Ja,Y085Ja
Y085Ka,Y085Ka
Y085Lb,Y085Lb
Y086Aa,Y086Aa
Y086Ba,Y086Ba
Y086Ca,Y086Ca
Y086Db,Y086Db
Y086Eb,Y086Eb
Y086Fb,Y086Fb
Y087Aa,Y087Aa
Y087Ba,Y087Ba
Y087Cb,Y087Cb
Y087Db,Y087Db
Y087Eb,Y087Eb
Y087Fa,Y087Fa
Y088Ab,Y088Ab
Y088Ba,Y088Ba
Y088Cb,Y088Cb
Y088Da,Y088Da
Y088Ea,Y088Ea
Y090Aa,Y090Aa
Y090Ba,Y090Ba
Y090Ca,Y090Ca
Y090Db,Y090Db
Y090Eb,Y090Eb
Y091Ab,Y091Ab
Y091Bb,Y091Bb
Y091Ca,Y091Ca
Y098Ab,Y098Ab
Y098Ba,Y098Ba
Y099Ab,Y099Ab
Y099Ba,Y099Ba
Y099Cb,Y099Cb
Y099Da,Y099Da
Y201Aa,Y201Aa
Y201Bb,Y201Bb
Y202Aa,Y202Aa
Y202Bb,Y202Bb
Y203Ab,Y203Ab
Y203Ba,Y203Ba
Y204Aa,Y204Aa
Y204Ba,Y204Ba
Y222Ab,Y222Ab
Y222Ba,Y222Ba
Y223Aa,Y223Aa
Y223Bb,Y223Bb
Y223Ca,Y223Ca
Y223Db,Y223Db
Y22AAa,Y022AAa
Y22ABb,Y022ABb
Y22ACa,Y022ACa
Y22ADb,Y022ADb
Y240Ab,Y240Ab
Y240Ba,Y240Ba
Y241Ab,Y241Ab
Y241Ba,Y241Ba
Y242Ab,Y242Ab
Y242Ba,Y242Ba
Y243Ab,Y243Ab
Y243Ba,Y243Ba
Y244Aa,Y244Aa
Y244Ba,Y244Ba
Y244Ca,Y244Ca
Y300Ab,Y300Ab
Y300Ba,Y300Ba
Y300Cb,Y300Cb
Y301Ab,Y301Ab
Y301Ba,Y301Ba
Y302Ab,Y302Ab
Y302Ba,Y302Ba
Y303Ab,Y303Ab
Y303Bb,Y303Bb
Y303Ca,Y303Ca
Y304Aa,Y304Aa
Y304Bb,Y304Bb
Y320Ab,Y320Ab
Y320Ba,Y320Ba
Y320Cb,Y320Cb
Y320Da,Y320Da
Y33AAb,Y033AAb
Y33ABa,Y033ABa
Y33ACb,Y033ACb
Y33ADb,Y033ADb
Y33AEa,Y033AEa
Y360Ab,Y360Ab
Y360Ba,Y360Ba
Y4AAa,Y04AAa
Y4ABb,Y04ABb
Y520Aa,Y520Aa
Y520Bb,Y520Bb
Y520Ca,Y520Ca
Y521Ab,Y521Ab
Y521Ba,Y521Ba
Y522Aa,Y522Aa
Y522Bb,Y522Bb
Y522Cb,Y522Cb
Y55BAb,Y055BAb
Y55BBa,Y055BBa
Y57AAa,Y057AAa
Y57ABb,Y057ABb
Y57ACa,Y057ACa
Y57ADb,Y057ADb
Y589Aa,Y589Aa
Y589Ba,Y589Ba
Y589Ca,Y589Ca
Y590Ab,Y590Ab
Y590Bb,Y590Bb
Y77AAb,Y077AAb
Y77ABa,Y077ABa
Y83AAb,Y083AAb
Y83ABb,Y083ABb
Y83ACa,Y083ACa
Y85CAb,Y085CAb
Y85CBa,Y085CBa
Y85CCa,Y085CCa
Y85CDb,Y085CDb
Y90BAa,Y090BAa
Y90BBb,Y090BBb
Y90BCa,Y090BCa
Y90BDb,Y090BDb
Y90BEb,Y090BEb
Y91AAb,Y091AAb
Y91ABa,Y091ABa
Y91BAa,Y091BAa
Y91BBb,Y091BBb
Y91BCb,Y091BCb
Y91BDa,Y091BDa
Y91EAa,Y091EAa
Y989Ab,Y989Ab
Y989Ba,Y989Ba
Y989Cb,Y989Cb
Y98EAa,YV098EAa
YV01Aa,YV001Aa
YV01Bb,YV001Bb
YV01Cb,YV001Cb
YV01Da,YV001Da
YV01Eb,YV001Eb
YV01Fa,YV001Fa
YV02Aa,YV002Aa
YV02Bb,YV002Bb
YV03Aa,YV003Aa
YV03Bb,YV003Bb
YV03Ca,YV003Ca
YV03Da,YV003Da
YV03Eb,YV003Eb
YV03Fb,YV003Fb
YV04Ab,YV004Ab
YV04Ba,YV004Ba
YV04Cb,YV004Cb
YV04Da,YV004Da
YV05Aa,YV005Aa
YV05Bb,YV005Bb
YV05Cb,YV005Cb
YV05Da,YV005Da
YV05Eb,YV005Eb
YV05Fa,YV005Fa
YV06Ab,YV006Ab
YV06Ba,YV006Ba
YV06Ca,YV006Ca
YV06Db,YV006Db
YV07Aa,YV007Aa
YV07Bb,YV007Bb
